link,title
"/wiki/Primary_source,/wiki/Archivist","primary source,archivists"
link,title
"/wiki/Primary_source,/wiki/Archivist","primary source,archivists"
,
"/wiki/Archivist,/wiki/Archival_science","archivist,archival science"
,
"/wiki/Latin,/wiki/Romanization,/wiki/Greek_language","Latin,romanized,Greek"
/wiki/Archon,Archon
"/wiki/Ebla,/wiki/Mari,_Syria,/wiki/Amarna,/wiki/Hattusas,/wiki/Ugarit,/wiki/Pylos","Ebla,Mari,Amarna,Hattusas,Ugarit,Pylos"
/wiki/Papyrus,papyrus
"/wiki/French_National_Archives,/wiki/French_Revolution","French National Archives,French Revolution"
"/wiki/Genealogist,/wiki/Demographer","genealogists,demographers"
"/wiki/Archivist,/wiki/Thesis,/wiki/Alumni,/wiki/American_Library_Association","archivist,thesis,alumni,American Library Association"
"/wiki/Coca-Cola,/wiki/World_of_Coca-Cola,/wiki/Procter_and_Gamble,/wiki/Motorola,/wiki/Levi_Strauss_%26_Co.,/wiki/Records_management,/wiki/Integrity","Coca-Cola,World of Coca-Cola,Procter and Gamble,Motorola,Levi Strauss & Co.,records management,integrity"
"/wiki/Reporters,/wiki/Genealogists,/wiki/Historians","reporters,genealogists,historians"
"/wiki/National_Archives_and_Records_Administration,/wiki/District_of_Columbia,/wiki/College_Park,_Maryland,/wiki/Bachelor%27s_degree","National Archives and Records Administration,District of Columbia,College Park, Maryland,bachelor's degree"
"/wiki/The_National_Archives_(United_Kingdom),/wiki/Wales,/wiki/National_Monuments_Record_(England),/wiki/English_Heritage,/wiki/National_Archives_of_Scotland,/wiki/Edinburgh,/wiki/Public_Record_Office_of_Northern_Ireland,/wiki/Belfast","National Archives,Wales,National Monuments Record,English Heritage,National Archives of Scotland,Edinburgh,Public Record Office of Northern Ireland,Belfast"
"/wiki/County_record_office,/wiki/The_National_Archives_(United_Kingdom)#.22Access_to_Archives.22","county record offices,""Access to Archives"""
"/wiki/Minister_of_Culture_(France),/wiki/Archives_nationales_(France)","Ministry of Culture,National Archives"
"/wiki/India,/wiki/National_Archives_of_India","India,National Archives"
"/wiki/Taiwan,http://www.archives.gov.tw/English,/wiki/Taipei","Taiwan,[1],Taipei"
,
"/wiki/Vatican_Secret_Archive,/wiki/Archdiocese,/wiki/Diocese,/wiki/Anglicanism,/wiki/Monastery,/wiki/Monte_Cassino,/wiki/Abbey_of_Saint_Gall,/wiki/Fulda_monastery","Vatican Secret Archive,Archdioceses,dioceses,Anglican,monastery,Monte Cassino,Saint Gall,Fulda"
,
"/wiki/List_of_Historical_Societies,/wiki/Foundation_(charity),/wiki/Grant_(money)","historical societies,foundations,grant"
"/wiki/World_Wide_Web,/wiki/Digital_preservation,/wiki/Archive_site,/wiki/Web_crawler","World Wide Web,preserved,archive site,web crawlers"
/wiki/CPAN,CPAN
"/wiki/Indigenous_peoples_of_the_Americas,/wiki/Provenance,/wiki/Archival_science","Native American,provenance,archival science"
http://publicsecret.net,[2]
,
"/wiki/International_Council_on_Archives,/wiki/Describing_Archives:_A_Content_Standard,http://www.cdncouncilarchives.ca/archdesrules.html","International Council on Archives,Describing Archives: A Content Standard,Canadian Council of Archives: Rules for Archival Description"
/wiki/International_Organization_for_Standardization,ISO
