subs,title
"[,],Levels of processing,[,],Finding aids,[,],Standards",Archival processing
"[,],ISAD(G)",International Council on Archives
"[,],Colombia,[,],France,[,],Republic of Ireland,[,],United Kingdom,[,],United States",Archivist
"[,],Remote harvesting,[,],Database archiving,[,],Transactional archiving,[,],Crawlers,[,],General limitations",Web archiving
"[,],Plans and construction,[,],Operational history,[,],Design, Build, Finance and Operate (DBFO) contract,[,],M25 Jct 5 to 7 managed motorway,[,],M25 possible new junction 10a at Byfleet,[,],M25 Jct 23 to 27 managed motorway,[,],Junction 30 improvement,[,],Lower Thames Crossing",M25 motorway
"[,],Wayback Machine,[,],Open Library,[,],Archive-It,[,],nasaimages.org,[,],Media collections,[,], magazine,[,],Scientology,[,],Healthcare Advocates, Inc.,[,],Suzanne Shell,[,],Grateful Dead,[,],National Security Letter,[,],Uncensored hosting",Internet Archive
"[,],Antecedents,[,],Significant events,[,],Significant people in the history of preservation,[,],Care and handling,[,],Environmental controls,[,],Decision making and criteria,[,],Selection,[,],Research and testing,[,],Ethics,[,],Preservation of Cultural Objects,[,],Preservation and the library as a sacred institution,[,],Regional centers,[,],Vendor services,[,],Standard functions of preservation programs,[,],Media specific issues and treatments,[,],Public libraries,[,],Archival repositories and special collections,[,],Museums",Preservation (library and archival science)
"[,],General-purpose and special-purpose DBMSs,[,],1960s navigational DBMS,[,],1970s relational DBMS,[,],Database machines and appliances,[,],Late-1970s SQL DBMS,[,],1980s desktop databases,[,],1980s object-oriented databases,[,],Database machines and appliances,[,],2000s NoSQL and NewSQL databases,[,],Database models,[,],External, conceptual, and internal views,[,],Database storage,[,],Database security,[,],Transactions and concurrency,[,],Migration,[,],Database building, maintaining, and tuning,[,],Backup and restore,[,],Other",Database
,Greenstone (software)
,Information repository
,Historical document
"[,],17th Century,[,],20th Century,[,],18th Century",Discovered text (archaeology)
,Data proliferation
"[,],"", (1996)"",[,],OAIS,[,],Trusted Digital Repository Model,[,],InterPARES,[,],Digital Preservation Outreach and Education (DPOE),[,],Refreshing,[,],Migration,[,],Replication,[,],Emulation,[,],Encapsulation,[,],Persistent Archives Concept,[,],Metadata attachment,[,],Specific tools and methodologies,[,],Audio preservation,[,],Moving Image Preservation,[,],Email preservation,[,],Personal Archiving,[,],LSDIs: library perspective",Digital preservation
,BS 5454
,Collection (artwork)
,Archive Fever
"[,],Primary storage,[,],Secondary storage,[,],Tertiary storage,[,],[,],Volatility,[,],Mutability,[,],Accessibility,[,],Addressability,[,],Capacity,[,],Performance,[,],Energy use,[,],Semiconductor,[,],Magnetic,[,],Optical,[,],Paper,[,],Uncommon,[,],Redundancy,[,],Network connectivity,[,],Robotic storage,[,],Primary storage topics,[,],Secondary, tertiary and off-line storage topics,[,],Data storage conferences",Computer data storage
"[,],History,[,],Standards,[,],The Principle of Provenance,[,],Practices before the emergence of provenance,[,],Emergence of provenance,[,],Debates,[,],The Beginnings of Preservation,[,],Archival Preservation,[,],Digital Preservation",Archival science
,Archival research
,Archival informatics
"[,],A,[,],B,[,],C,[,],D,[,],E,[,],F,[,],G,[,],H,[,],I,[,],J,[,],K,[,],L,[,],M,[,],N,[,],O,[,],P,[,],R,[,],S,[,],T,[,],U,[,],V,[,],Z",List of national archives
"[,],Différance - between structure and genesis,[,],Deconstruct all metaphysical oppositions,[,],Undecidable chiasmus,[,],Derrida vs Hegel - Deconstruction is not speculative dialectics,[,],'There is nothing outside the text',[,],Introduction,[,],Early works,[,],Phenomenology vs. Structuralism debate (1959),[,],1967–1972,[,],1973–1980,[,], (1987),[,],1990s: political and ethical themes,[,],The Work of Mourning (1981–2001),[,],2002,[,],Criticism from analytic philosophers,[,],Charges of nihilism,[,],African bias,[,],Recycled Borges,[,],Hostile obituaries,[,],Nancy and Lacoue-Labarthe,[,],Paul de Man,[,],Michel Foucault,[,],Derrida's translators,[,],Marshall McLuhan,[,],Archival collections,[,],Online texts and excerpts,[,],Interviews,[,],Bibliography,[,],Media",Jacques Derrida
,List of archives
